Organisation Name,Job Title,Closing Date,Direct Link,Organisation Biography
Changeworks,Project Officer,"Closing
              6th November",https://goodmoves.org/vacancy/a4sP10000022NLxIAM/project-officer?page=1®ions=edinburgh-lothians&sort=newest,Changeworks
The Eric Liddell Community,Senior Marketing and Communications Officer,"Closing
              30th October",https://goodmoves.org/vacancy/a4sP10000022LlZIAU/senior-marketing-and-communications-officer?page=1®ions=edinburgh-lothians&sort=newest,Eric Liddell Community
Community Alliance Trust,Administration Finance Worker,"Closing
              26th October",https://goodmoves.org/vacancy/a4sP10000022Jv4IAE/administration-finance-worker?page=1®ions=edinburgh-lothians&sort=newest,Community Alliance Trust
Citizens Advice Edinburgh,Thrive Early â Family Adviser,"Closing
              26th October",https://goodmoves.org/vacancy/a4sP1000001xlVNIAY/thrive-early-family-adviser?page=2®ions=edinburgh-lothians&sort=newest,Citizens Advice Edinburgh
Circle,Senior Family Practitioner â Beacon Project,"Closing
              18th October",https://goodmoves.org/vacancy/a4sP10000020MNZIA2/senior-family-practitioner-beacon-project?page=2®ions=edinburgh-lothians&sort=newest,Midlothian Sure Start
Change Mental Health,Mental Health & Wellbeing Practitioner,"Closing
              16th October",https://goodmoves.org/vacancy/a4sP10000021jtBIAQ/mental-health-wellbeing-practitioner?page=4®ions=edinburgh-lothians&sort=newest,Change Mental Health
Cyrenians,"Manager, Fundraising","Closing
              26th October",https://goodmoves.org/vacancy/a4sP10000021jLJIAY/manager-fundraising?page=4®ions=edinburgh-lothians&sort=newest,Cyrenians
Change Mental Health,Team Lead,"Closing
              21st October",https://goodmoves.org/vacancy/a4sP10000021bfVIAQ/team-lead?page=4®ions=edinburgh-lothians&sort=newest,Change Mental Health
The Yard,Support Worker â Holiday Support,"Closing
              2nd November",https://goodmoves.org/vacancy/a4sP10000021RwHIAU/support-worker-holiday-support?page=5®ions=edinburgh-lothians&sort=newest,The Yard
Circle,Upside Community Worker (Tayside),"Closing
              12th October",https://goodmoves.org/vacancy/a4sP1000001y9RFIAY/upside-community-worker-tayside?page=6®ions=edinburgh-lothians&sort=newest,Circle
Citadel Youth Centre,13+ Project Worker,"Closing
              20th October",https://goodmoves.org/vacancy/a4sP10000020vjVIAQ/13-project-worker?page=6®ions=edinburgh-lothians&sort=newest,Citadel Youth Centre
Resolve,Centre Operations Lead,"Closing
              22nd October",https://goodmoves.org/vacancy/a4sP10000020vGTIAY/centre-operations-lead?page=6®ions=edinburgh-lothians&sort=newest,Sight Scotland Veterans
Columcille,Columcille Relief Support Worker,"Closing
              16th October",https://goodmoves.org/vacancy/a4sP1000001ugC5IAI/columcille-relief-support-worker?page=7®ions=edinburgh-lothians&sort=newest,Columcille Centre
Columcille,Columcille Relief Support Worker,N/A,https://goodmoves.org/vacancy/a4sP1000001ugC5IAI/columcille-relief-support-worker?page=7®ions=edinburgh-lothians&sort=newest,Click link to view job details.
Four Square,Volunteer Coordinator,"Closing
              16th October",https://goodmoves.org/vacancy/a4sP10000020QhJIAU/volunteer-coordinator?page=8®ions=edinburgh-lothians&sort=newest,Four Square (Scotland)
Circle,Family Practitioner â Beacon Project,"Closing
              18th October",https://goodmoves.org/vacancy/a4sP10000020MQnIAM/family-practitioner-beacon-project?page=8®ions=edinburgh-lothians&sort=newest,Midlothian Sure Start
Circle,Family Practitioner â Beacon Project,"Closing
              18th October",https://goodmoves.org/vacancy/a4sP10000020MPBIA2/family-practitioner-beacon-project?page=8®ions=edinburgh-lothians&sort=newest,Midlothian Sure Start
Edinburgh Chamber of Commerce,Developing the Young Workforce School Coordinator (Secondary),"Closing
              19th October",https://goodmoves.org/vacancy/a4sP10000020L4vIAE/developing-the-young-workforce-school-coordinator-secondary?page=8®ions=edinburgh-lothians&sort=newest,Developing the Young Workforce Tay Cities
Rowan Alba,Night Worker / Concierge,"Closing
              23rd October",https://goodmoves.org/vacancy/a4sP100000205BRIAY/night-worker-concierge?page=9®ions=edinburgh-lothians&sort=newest,Rowan Alba
Somewhere,Support Line Service Administrator,"Closing
              11th October",https://goodmoves.org/vacancy/a4sP10000020445IAA/support-line-service-administrator?page=9®ions=edinburgh-lothians&sort=newest,Children First
CCI,Estate Supervisor,"Closing
              23rd October",https://goodmoves.org/vacancy/a4sP100000203hVIAQ/estate-supervisor?page=10®ions=edinburgh-lothians&sort=newest,The National Trust For Scotland
Four Square,Waking Nights Practitioner for Domestic Abuse and Gender based violence (Female,"Closing
              12th October",https://goodmoves.org/vacancy/a4sP1000001zrwTIAQ/waking-nights-practitioner-for-domestic-abuse-and-gender-based-violence-female?page=10®ions=edinburgh-lothians&sort=newest,Four Square (Scotland)
Resolve,Money Advisor,"Closing
              11th October",https://goodmoves.org/vacancy/a4sP1000001zhNdIAI/money-advisor?page=11®ions=edinburgh-lothians&sort=newest,Children First
Somewhere,Line Volunteer Coordinator,"Closing
              11th October",https://goodmoves.org/vacancy/a4sP1000001zfIbIAI/line-volunteer-coordinator?page=11®ions=edinburgh-lothians&sort=newest,Children First
Somewhere,Family Support Connector,"Closing
              11th October",https://goodmoves.org/vacancy/a4sP1000001zStFIAU/family-support-connector?page=12®ions=edinburgh-lothians&sort=newest,Children First
Door in the Wall Arts Access,Executive Assistant,"Closing
              16th October",https://goodmoves.org/vacancy/a4sP1000001yy8nIAA/executive-assistant?page=13®ions=edinburgh-lothians&sort=newest,Door in the Wall Arts Access CIC
The Yard,Family Worker,"Closing
              19th October",https://goodmoves.org/vacancy/a4sP1000001yAS9IAM/family-worker?page=13®ions=edinburgh-lothians&sort=newest,The Yard
